{"email":"and_vorobey@mail.ru","name":"Andrey","text":"Text1","date":"01.13.2016"}
{"email":"and_vorobey@hotmail.com","name":"Vorobey","text":"text2","date":"01.13.2016"}
{"email":"and_vorobey@mail.ru","name":"Andrey","text":"Text3","date":"01.13.2016"}
{"email":"and_vorobey@hotmail.com","name":"Vorobey","text":"text4","date":"01.13.2016"}
{"email":"and_vorobey@mail.ru","name":"Andrey","text":"Text5","date":"01.13.2016"}
{"email":"and_vorobey@hotmail.com","name":"Vorobey","text":"text6","date":"01.13.2016"}
{"email":"and_vorobey@mail.ru","name":"Andrey","text":"Text7","date":"01.13.2016"}
{"email":"and_vorobey@hotmail.com","name":"Vorobey","text":"text8","date":"01.13.2016"}
{"email":"and_vorobey@mail.ru","name":"Andrey","text":"Text9","date":"01.13.2016"}
{"email":"and_vorobey@hotmail.com","name":"Vorobey","text":"text10","date":"01.13.2016"}
{"email":"and_vorobey@mail.ru","name":"Andrey","text":"Text11","date":"01.13.2016"}
{"email":"and_vorobey@hotmail.com","name":"Vorobey","text":"text12","date":"01.13.2016"}
{"email":"and_vorobey@mail.ru","name":"Andrey","text":"Text13","date":"01.13.2016"}
{"email":"and_vorobey@hotmail.com","name":"Vorobey","text":"text14","date":"01.13.2016"}
{"email":"and_vorobey@mail.ru","name":"Andrey","text":"Text15","date":"01.13.2016"}
{"email":"and_vorobey@hotmail.com","name":"Vorobey","text":"text16","date":"01.13.2016"}
{"email":"and_vorobey@mail.ru","name":"Andrey","text":"Text17","date":"01.13.2016"}
{"email":"and_vorobey@hotmail.com","name":"Vorobey","text":"text18","date":"01.13.2016"}
{"email":"and_vorobey@mail.ru","name":"Andrey","text":"Text19","date":"01.13.2016"}
{"email":"and_vorobey@hotmail.com","name":"Vorobey","text":"text20","date":"01.13.2016"}
{"email":"and_vorobey@mail.ru","name":"Andrey","text":"Text21","date":"01.13.2016"}
{"email":"and_vorobey@hotmail.com","name":"Vorobey","text":"text22","date":"01.13.2016"}
{"email":"and_vorobey@mail.ru","name":"Andrey","text":"Text23","date":"01.13.2016"}
{"email":"and_vorobey@hotmail.com","name":"Vorobey","text":"text24","date":"01.13.2016"}
{"email":"and_vorobey@mail.ru","name":"Andrey","text":"Text25","date":"01.13.2016"}
{"email":"and_vorobey@hotmail.com","name":"Vorobey","text":"text26","date":"01.13.2016"}
{"email":"and_vorobey@mail.ru","name":"Andrey","text":"Text27","date":"01.13.2016"}
{"email":"and_vorobey@hotmail.com","name":"Vorobey","text":"text28","date":"01.13.2016"}
{"email":"and_vorobey@mail.ru","name":"Andrey","text":"Text29","date":"01.13.2016"}
{"email":"and_vorobey@hotmail.com","name":"Vorobey","text":"text30","date":"01.13.2016"}
{"email":"and_vorobey@mail.ru","name":"Andrey","text":"TEXT31","date":"01.13.2016"}
{"email":"and_vorobey@hotmail.com","name":"Vorobey","text":"Text32","date":"01.13.2016"}
{"email":"and_vorobey@hotmail.com","name":"jhkh","text":"gvvgjh33","date":"01.13.2016"}
{"email":"and_vorobey@mail.ru","name":"Andrey","text":"Textttttttttt34","date":"01.13.2016"}
{"email":"and_vorobey@mail.ru","name":"Andrey","text":"Vorobey","date":"01.16.2016"}
{"email":"and_vorobey@hotmail.ru","name":"Andrey","text":"Tezt","date":"01.16.2016"}
